userId,itemId,session_duration
1005829299685984449-1,GGOEYFKQ020699,58012
1005829299685984449-1,GGOEGGCX056299,787
102703605492733588-2,GGOEGBRJ037399,3212
102703605492733588-3,GGOEGBRJ037299,1975
102703605492733588-3,GGOEGBRJ037399,1
103905010654987355-1,GGOEWCKQ085457,0
1059770176518504832-1,GGOEAHPA004110,7
1059770176518504832-1,GGOEGAAX0104,1
1059770176518504832-1,GGOEGBRA037499,2720
1059770176518504832-1,GGOEGAAX0596,2108
1094931637794753476-1,GGOEGBMJ013399,1
110153724611725846-1,GGOEGAAX0318,0
1113086722612802174-1,GGOEGAAX0795,0
1124739547028739470-1,GGOEYOCR077799,111400
1144453422620721054-1,GGOEGOCC077299,0
1148645885957423322-1,GGOEGBRA037499,2
11577526465501235-2,GGOEGAAX0341,1
11577526465501235-2,GGOEGPJC203399,1
11577526465501235-2,GGOEGOLC013299,0
11577526465501235-2,GGOEGCNB021099,1951
11577526465501235-2,GGOEGAAX0037,1
1181536979112804688-1,GGOEGXXX0806,202
1197204234107154844-2,GGOEGFKA022299,2034
1197204234107154844-2,GGOEYFKQ020699,5568
1197204234107154844-2,GGOEGFKQ020399,3411
1215126832177216624-1,GGOEGCBB074399,3263
1223589533016589079-1,GGOEGAAX0671,3103
1223589533016589079-1,GGOEGAAX0651,827
1223865090611201115-1,GGOEGAAX0795,4338
1223865090611201115-1,GGOEGBRJ037299,0
1255368394012652243-4,GGOEGAAX0578,5811
1258915143892750458-1,GGOEGXXX0806,8591
126459781793436795-1,GGOEGEVA022399,12556
126612099954375841-6,GGOEGBJL013999,0
126612099954375841-6,GGOEGETB023799,0
126612099954375841-6,GGOEGOAB021499,5047
126612099954375841-6,GGOEGHPJ080310,4826
126612099954375841-6,GGOEGAAX0781,15099
126612099954375841-6,GGOEGAAX0107,10540
126612099954375841-6,GGOEGAAX0280,1
1281234459613429134-2,GGOEGAAX0318,3553
1295831428300004252-3,GGOEADHH073999,0
1311003026247678016-2,GGOEGOLC013299,7220
1350128776428351822-1,GGOEGBPB082099,35676
1350128776428351822-1,GGOEGBRA037499,0
1369634446381193537-1,GGOEGAAX0318,11654
138058039294367332-3,GGOEADWQ015699,0
1386018753537268331-1,GGOEGFKA022299,9172
1386018753537268331-1,GGOEGCBB074399,45162
1386018753537268331-1,GGOEGAAX0037,5198
140515510840599351-2,GGOEGAAX0290,12933
140515510840599351-2,GGOEYHPB072210,1357
140515510840599351-2,GGOEGOCC077299,0
1445829272389489293-3,GGOEGAAX0358,2285
1445829272389489293-3,GGOEAXXX0808,25911
1485560096715159088-1,GGOEGFKQ020799,1
1485560096715159088-1,GGOEAFKQ020499,1542
1485560096715159088-4,GGOEGAAX0352,0
1487642479039977302-1,GGOEGEVB070599,0
1487642479039977302-1,GGOEAKDH019899,1174
1513574659863671308-1,GGOEYFKQ020699,0
1580431283728289185-2,GGOEGDHQ015399,5370
1589021726696497303-3,GGOEADHH055999,1
1589021726696497303-3,GGOEGAAX0074,24934
1589021726696497303-3,GGOEGAAX0081,2
1589021726696497303-3,GGOEAFKQ020499,10064
1589021726696497303-3,GGOEGFKQ020399,3089
1589021726696497303-3,GGOEGAAX0338,0
1589021726696497303-3,GGOEGAAX0323,9297
1589021726696497303-3,GGOEGAAX0326,11821
1589021726696497303-3,GGOEGFKQ020799,3691
1589021726696497303-3,GGOEGODR017799,4786
1589021726696497303-3,GGOEACCQ017299,26048
1589021726696497303-3,GGOEGEVA022399,83988
1589021726696497303-3,GGOEGAAX0341,1227
1589021726696497303-3,GGOEGAAX0304,1
1589021726696497303-3,GGOEGAAX0366,2534
1589021726696497303-3,GGOEGFKA022299,1499
1589021726696497303-3,GGOEAFKQ020599,0
1625348761598975970-4,GGOEGEVA022399,0
1627674454679945564-1,GGOEGDHQ015399,1440
1627674454679945564-1,GGOEGAAX0037,1497
1628879492829362179-3,GGOEGBRA037499,10316
1628879492829362179-3,GGOEGFKQ020799,1501
1633146081774573328-2,GGOEGOAQ018099,1
1633146081774573328-2,GGOEGOAR013099,0
1633146081774573328-3,GGOEGAAX0682,254180
1633146081774573328-3,GGOEGBRA037499,7368
167247604162700002-3,GGOEGAAX0569,2189
167247604162700002-3,GGOEGAAX0596,0
1687795423322054080-1,GGOEGFKA022299,1
1687795423322054080-1,GGOEGFKQ020799,3627
1687795423322054080-1,GGOEYFKQ020699,2741
1743714919834975806-1,GGOEGBRA037499,3390
1765857025931877948-1,GGOEGOCB017499,6655
1765857025931877948-1,GGOEAOCB077499,0
1765857025931877948-1,GGOEGOCL077699,2
1792126295682358590-1,GGOEGFKA022299,3660
1799598136919764397-1,GGOEGAAX0037,0
1825841980801408928-1,GGOEACCQ017299,0
184583714566893994-1,GGOEGBRA037499,35174
1850206187599338645-1,GGOEGOAB022499,59620
1850206187599338645-1,GGOEGOAB021499,4
1868979439923677894-3,GGOEGAAX0338,52797
1868979439923677894-3,GGOEGAAX0358,0
1868979439923677894-3,GGOEAXXX0808,895003
1868979439923677894-3,GGOEWAEA083899,3132
1868979439923677894-4,GGOEWAEA083899,0
188308435688462855-7,GGOEGAAX0671,37608
188308435688462855-7,GGOEGAAX0358,1618
188308435688462855-7,GGOEGXXX0806,0
188308435688462855-7,GGOEGESB015199,3442
188308435688462855-7,GGOEGFKA022299,4136
1894130606995361644-1,GGOEGAAX0104,0
1897693758416082368-1,GGOEGAAX0304,3532
1904044281872619820-2,GGOEGEVA022399,0
192314861414750236-1,GGOEYHPB072210,0
1933634293342529288-1,GGOEGAAX0306,7362
1933634293342529288-1,GGOEGCMB020932,0
1933634293342529288-1,GGOEGOCC077299,2985
1933634293342529288-1,GGOEAOCB077499,7118
1933634293342529288-1,GGOEGOLC014299,0
1933634293342529288-1,GGOEGOCD078399,3022
1933634293342529288-1,GGOEGOCR078499,43830
1933634293342529288-1,GGOEGOBG023599,1446
1933634293342529288-1,GGOEGDHQ015399,0
1933634293342529288-1,GGOEGAAX0278,0
1969572238026427771-1,GGOEGAAX0607,1
1969572238026427771-1,GGOEGAAX0361,2737
1996186587769697436-3,GGOEGFSR022099,0
1996186587769697436-3,GGOEGAAX0037,0
1996186587769697436-3,GGOEGBJC014399,0
2008785002910996057-2,GGOEGAAX0680,1
2008785002910996057-2,GGOEGAAX0569,8062
2008785002910996057-2,GGOEAFKQ020499,0
2008785002910996057-2,GGOEGDHQ015399,4087
2020765393756185156-5,GGOEGAAX0602,5682
2020765393756185156-5,GGOEGAAX0364,5685
2020765393756185156-5,GGOEGAAX0366,0
203746675575323546-1,GGOEGESB015099,1
203746675575323546-1,GGOEGESB015199,16066
203746675575323546-1,GGOEGDWR015799,1318
203746675575323546-1,GGOEGDHR082199,0
203746675575323546-1,GGOEGDHQ015399,0
2054328967059540069-1,GGOEGAAX0074,10032
2054328967059540069-1,GGOEGAAX0081,29536
2054328967059540069-1,GGOEYFKQ020699,4830
2054328967059540069-1,GGOEGBRA037499,2069
2054328967059540069-1,GGOEYDHJ056099,4315
2054328967059540069-1,GGOEYOCR077799,4156
2169837842795965197-8,GGOEGFAQ016699,49832
2169837842795965197-8,GGOEGAAX0074,6962
2183769803946700458-1,GGOEGFKQ020399,4160
2200502804815616939-1,GGOEGAAX0318,1198
2211136004038546286-2,GGOEGBRA037499,433617
2211136004038546286-2,GGOEGBRB013899,2012
2211136004038546286-2,GGOEGBRJ037299,1563
2230459363222130999-1,GGOEGBRA037499,0
2238427794408940307-1,GGOEAFKQ020599,0
2284555599203977570-2,GGOEGAAX0342,4469
2284555599203977570-2,GGOEGEVA022399,2323
232377434237234751-160,GGOEYFKQ020699,0
232377434237234751-160,GGOEAFKQ020499,3379
232377434237234751-160,GGOEAFKQ020599,232628
232377434237234751-160,GGOEGFKQ020799,0
2356328520822545622-6,GGOEGKAA019299,0
2379859623266786468-1,GGOEGAAX0353,10088
2380151902002144519-1,GGOEGOCB017499,5830
2384575288962758158-1,GGOEGAAX0682,33577
2384575288962758158-1,GGOEGAAX0329,6625
2384575288962758158-1,GGOEGAAX0320,0
241048761582607706-1,GGOEAKDH019899,0
2419083783587438310-19,GGOEGOCC077999,1
2419083783587438310-19,GGOEGOLC013299,0
2419083783587438310-19,GGOEGOCC077299,1886
24507252193437459-2,GGOEGFKQ020799,11192
2510170651126670568-1,GGOEGAAX0731,0
2516702271461747537-1,GGOEAXXX0808,1
255282465269917452-1,GGOEGAAX0104,16271
2570612937804014178-2,GGOEGBRB013899,3870
2578084515369430211-2,GGOEGDHC015299,5155
2608714709593599798-1,GGOEYFKQ020699,1404
2608714709593599798-1,GGOEYDHJ056099,0
261035563475309159-1,GGOEGAAX0318,5745
2662180751707142455-1,GGOEGAAX0607,0
2666111902144758507-5,GGOEGDHC074099,0
2666111902144758507-6,GGOEGBMJ013399,1996
2666111902144758507-6,GGOEGBJL013999,0
2666111902144758507-7,GGOEGGCX056299,7126
267496141615033562-1,GGOEGBFC018799,72226
267496141615033562-1,GGOEGBPB082099,0
2682723022140584110-1,GGOEGAAX0325,0
2690284560375650313-1,GGOEGBRJ037399,0
2699100691075242575-1,GGOEYFKQ020699,368
270393945425133079-1,GGOEGBRJ037299,4097
270393945425133079-1,GGOEGBRJ037399,2807
2725696087969671053-1,GGOEYDHJ056099,1
2734804504238901538-1,GGOEGAAX0351,1205
2827498353821012092-1,GGOEGAAX0651,21668
2827498353821012092-1,GGOEGAAX0680,0
2838389775426883646-1,GGOEGEVA022399,1
284438731288817902-1,GGOEGDHQ015399,10042
284438731288817902-2,GGOEGDHQ015399,2339
2863022817351466072-1,GGOEYFKQ020699,0
2865117450599304911-1,GGOEYDHJ056099,112
2880164379954827168-1,GGOEGDWR015799,3886
2886144098855378647-4,GGOEGAAX0104,8570
2976099200710770058-1,GGOEGAAX0651,0
2981325201816358942-8,GGOEGAAX0341,0
2997546588767717972-1,GGOEGAAX0671,2
3077728344368815014-1,GGOEYFKQ020699,0
3077728344368815014-2,GGOEYFKQ020699,0
3082283603465989940-1,GGOEGAAX0358,0
3098698308947338506-1,GGOEGEVB070599,0
3101662058536674321-1,GGOEGBMJ013399,10864
3101662058536674321-1,GGOEGCMB020932,11906
3101662058536674321-1,GGOEGBPB021199,4369
3101662058536674321-1,GGOEGBJC014399,19419
3101662058536674321-1,GGOEGHPL003214,8849
3101662058536674321-1,GGOEGAAX0761,2485
3101662058536674321-1,GGOEGAAX0338,1
3101662058536674321-1,GGOEGBCR024399,8491
3185267375068033750-1,GGOEGOAB021499,2408
3188213086470041425-1,GGOEYHPB072210,1
3223204375135993191-1,GGOEADHH073999,6217
3225678380873744420-1,GGOEGBJC014399,5173
3239591421883808376-2,GGOEGDHC074099,0
3289637780548369455-1,GGOEGEVA022399,5699
330845037859170481-2,GGOEGEHQ071199,0
335855435126300366-1,GGOEGCBC074299,0
335855435126300366-1,GGOEGFKA022299,0
335855435126300366-2,GGOEGFKA022299,1419
335855435126300366-2,GGOEGCBB074199,2908
335855435126300366-2,GGOEGCBB074399,0
3424918216070852195-4,GGOEGEVA022399,2098
3424918216070852195-4,GGOEGFKQ020799,0
3466329311470244552-8,GGOEADHH055999,147395
3466329311470244552-8,GGOEGDHC015299,1
3487777878571499424-1,GGOEGAAX0325,0
34988253365419131-1,GGOEGBRB013899,11630
34988253365419131-1,GGOEGBRJ037399,0
351681171177883933-26,GGOEAKDH019899,5791
351681171177883933-26,GGOEGOFH020299,4422
351681171177883933-26,GGOEACCQ017299,3770
351681171177883933-26,GGOEGAAX0579,8091
3528985319474154621-1,GGOEGBJC019999,15588
3544203224003923047-1,GGOEGOAQ018099,0
355470769779418447-3,GGOEGAAX0690,18024
355470769779418447-3,GGOEGAAX0682,23497
355470769779418447-3,GGOEGAAX0671,24116
3602581120186705822-6,GGOEGDWR015799,0
36445151010876646-1,GGOEGBRB013899,0
36445151010876646-1,GGOEGFKQ020399,5310
36445151010876646-1,GGOEAFKQ020499,4197
36445151010876646-1,GGOEGFKQ020799,0
36445151010876646-1,GGOEGBRA037499,0
3644674906177313121-2,GGOEGBRA037499,0
3653223981913568754-1,GGOEGAAX0338,3835
3694234028523165868-136,GGOEGBRB013899,1712
3723888941430883184-2,GGOEGFSR022099,4890
3723888941430883184-2,GGOEGAAX0037,6718
3723888941430883184-3,GGOEGOAQ018099,9816
3730118929329807081-1,GGOEGAAX0358,0
3739471411093683045-2,GGOEA0CH077599,9509
3754779580225027430-5,GGOEGBRB013899,0
3754779580225027430-5,GGOEGBRA037499,0
3754779580225027430-5,GGOEGAAX0361,0
3754779580225027430-5,GGOEGAAX0731,0
379271879231850881-1,GGOEADHH073999,27627
3891707253957252733-8,GGOEGAAX0037,0
3928148027675000890-1,GGOEGAAX0318,1
3928148027675000890-2,GGOEGAAX0318,0
3944033084735691438-1,GGOEA0CH077599,3831
3944421154392364485-1,GGOEGAAX0351,8625
3944421154392364485-1,GGOEGAAX0318,4639
3959390594599570808-1,GGOEGAAX0318,8308
3959390594599570808-1,GGOEGAAX0325,444486
3959390594599570808-1,GGOEGAAX0105,9
3963931733144286855-1,GGOEYFKQ020699,0
3963931733144286855-2,GGOEGAAX0330,0
3990499189535030968-1,GGOEGAAX0037,192233
3990499189535030968-1,GGOEGFYQ016599,2698
3990499189535030968-1,GGOEGAAX0098,1167
4107476716931948379-1,GGOEGAAX0325,1
410776283289767415-1,GGOEGAAX0661,0
4127969764710194171-1,GGOEGAAX0308,0
4193206519109888601-1,GGOEGAAX0353,2827
4193206519109888601-1,GGOEGAAX0338,13589
4193206519109888601-1,GGOEGAAX0104,296756
4207163565650556039-1,GGOEAXXX0808,27234
4207163565650556039-1,GGOEGAAX0351,0
4239065618754630247-1,GGOEGAAX0290,6908
4239065618754630247-1,GGOEGAAX0661,0
424164277566734178-1,GGOEGAAX0569,0
424164277566734178-1,GGOEGAAX0592,6014
424164277566734178-1,GGOEGAAX0568,0
4245538638840698803-1,GGOEGAAX0325,221409
431781159932899381-3,GGOEGBRJ037299,0
4349008350446169158-1,GGOEGESB015199,1
4349008350446169158-1,GGOEGESB015099,104196
4349008350446169158-1,GGOEGEVB070599,0
4350149129796827013-1,GGOEGBCR024399,0
4350149129796827013-1,GGOEGBRA037499,0
4350149129796827013-1,GGOEGBRB013899,10242
4350149129796827013-1,GGOEGBRJ037399,0
4358669050443767105-16,GGOEGAAX0104,3435
4361578465679668536-4,GGOEGAAX0334,45857
4361578465679668536-4,GGOEGAAX0352,8668
4386919064035592715-1,GGOEGAAX0037,10839
4514652345155303748-3,GGOEGHPJ080310,0
454415741312523119-1,GGOEGDWR015799,0
454845221896711463-5,GGOEGOCB017499,16452
454845221896711463-6,GGOEGOAB022499,1
454845221896711463-6,GGOEGOAQ012899,0
4604819391740364956-1,GGOEGAAX0567,1700
4604819391740364956-1,GGOEGHPB071610,1
4604819391740364956-1,GGOEGHPB003410,0
462973614885897477-1,GGOEGBRA037499,0
4638457631555733175-1,GGOEGAAX0569,0
4642253043389868036-1,GGOEGAAX0651,0
4642253043389868036-1,GGOEGAAX0680,0
4642253043389868036-2,GGOEGAAX0357,0
4642253043389868036-2,GGOEGAAX0651,0
4645782780585783387-1,GGOEGAAX0617,0
4645782780585783387-1,GGOEGAAX0309,30433
4645782780585783387-1,GGOEGAAX0795,0
4645782780585783387-3,GGOEAXXX0808,363
4645782780585783387-3,GGOEGAAX0626,1
4659112155231903369-1,GGOEGAAX0313,0
478717655362754556-1,GGOEGAAX0306,1
478717655362754556-1,GGOEGAAX0304,14227
478717655362754556-1,GGOEGAAX0365,4
4794087068727883755-10,GGOEGEVB070599,716173
4794087068727883755-10,GGOEGOCC077299,0
4794087068727883755-10,GGOEGBRB013899,1481
4794087068727883755-10,GGOEGBRA037499,3663
4794087068727883755-10,GGOEGBRJ037399,1279
4794087068727883755-10,GGOEGAAX0795,1340
4794087068727883755-10,GGOEGBPB021199,0
4794087068727883755-10,GGOEGCMB020932,0
4794087068727883755-10,GGOEGBCR024399,2326
4794087068727883755-10,GGOEGAAX0168,1813
4794087068727883755-9,GGOEGDHC074099,0
4794087068727883755-9,GGOEGDHQ015399,1100
4799379227714170002-1,GGOEYDHJ056099,153
4841594360292833266-1,GGOEGAAX0731,8793
485797735449723544-1,GGOEGESB015199,0
485797735449723544-2,GGOEYFKQ020699,0
4871061239735971842-3,GGOEGBRJ037399,191088
4871061239735971842-3,GGOEGDHC074099,0
4871061239735971842-3,GGOEGDHC015299,4307
4871061239735971842-3,GGOEGCNB021099,0
4871061239735971842-4,GGOEGOCC077999,0
4871061239735971842-4,GGOEGBRJ037399,11153
4891367157966215686-1,GGOEGAAX0104,2465
4908800356431619540-3,GGOEGXXX0806,0
4908800356431619540-3,GGOEGAAX0106,4208
4908800356431619540-3,GGOEGAAX0104,4351
4908800356431619540-4,GGOEGAAX0104,0
4908800356431619540-4,GGOEGXXX0806,3007
4908800356431619540-4,GGOEGAAX0106,8037
4959929165076044230-2,GGOEGAAX0037,0
496578757391920977-2,GGOEYFKQ020699,0
49931492016965831-1,GGOEGEVA022399,9821
5012979848533101212-1,GGOEGBRA037499,0
5014540371440158686-1,GGOEYHPB072210,651
5016900699181272612-1,GGOEGBRJ037399,6866
5036504003993248220-1,GGOEGBJC014399,158725
5036504003993248220-1,GGOEADWQ015699,1
5074660303190613667-1,GGOEGBRJ037399,130211
5074660303190613667-1,GGOEGBRJ037299,269
509377181616367629-1,GGOEGAAX0306,1216
5108127937752582001-1,GGOEYDHJ056099,421266
5108127937752582001-1,GGOEYOCR077799,2007
5108127937752582001-1,GGOEGKAA019299,7217
5108127937752582001-1,GGOEYFKQ020699,1479
5108127937752582001-1,GGOEGFKQ020799,0
5108127937752582001-2,GGOEYOCR077799,1904
5108127937752582001-2,GGOEGKAA019299,1783
5108127937752582001-2,GGOEGGOA017399,6374
5108127937752582001-2,GGOEYDHJ056099,1895
5108127937752582001-2,GGOEYFKQ020699,2266
5108127937752582001-2,GGOEGFKQ020799,2708
51121380870457542-2,GGOEGODR017799,2412
512480056932695240-3,GGOEGOXQ016399,1274
513443874219533136-1,GGOEGAAX0351,40659
513443874219533136-1,GGOEGAAX0593,2612
51569945671479788-1,GGOEYFKQ020699,0
5187966439034093084-1,GGOEGDHQ015399,290633
5187966439034093084-1,GGOEGCBB074399,1
5187966439034093084-1,GGOEGEVA022399,0
5191714303283334364-1,GGOEGCKQ013199,1
5191714303283334364-1,GGOEGCNB021099,0
5196510095914060300-2,GGOEGAAX0318,5484
5208937953046059083-77,GGOEGBRJ037299,0
52381813974609729-1,GGOEAOCB077499,14292
52381813974609729-1,GGOEGOCC077299,4745
52381813974609729-1,GGOEGOCB017499,6931
5247088189467403090-1,GGOEACCQ017299,0
5299840209528355476-1,GGOEYFKQ020699,6419
5321699176786856383-1,GGOEGEVA022399,126057
5321699176786856383-1,GGOEGOAB022499,0
5334519922113386772-1,GGOEGEVA022399,3739
534050309417390972-2,GGOEGDHC074099,2721
5371617068925994598-1,GGOEGAAX0037,0
5374636950619010807-1,GGOEGHPB071610,1131
5396316380545596534-1,GGOEGDHQ015399,2925
5404482496812265594-1,GGOEAXXX0808,229885
5404482496812265594-1,GGOEGAAX0104,0
5438506007142109144-1,GGOEGAAX0104,3220
5449771938159563164-1,GGOEYFKQ020699,658
5493590651204923543-2,GGOEGOCL077699,3922
5493590651204923543-2,GGOEGOCB017499,0
551028300396393478-1,GGOEGBRB013899,0
5517518226296980531-1,GGOEGAAX0330,0
5552602223219141230-2,GGOEGAAX0338,0
5569090975719749657-4,GGOEAFKQ020599,1
5596095564243535655-1,GGOEGFKQ020399,0
5642616598374575878-1,GGOEYOCR077799,18281
5644663710139527686-2,GGOEGAAX0338,1013201
5644663710139527686-2,GGOEGAAX0104,0
5645525901423795365-1,GGOEGAAX0318,1
5650628204685893274-1,GGOEGAAX0364,6609
5665035179702438805-1,GGOEGAAX0341,4289
5665035179702438805-1,GGOEGAAX0606,2
5665035179702438805-1,GGOEGBRJ037399,2498
5665035179702438805-1,GGOEGBRA037499,5025
5665035179702438805-1,GGOEGAAX0795,2585
5665035179702438805-1,GGOEGBRJ037299,7540
5665035179702438805-1,GGOEGAAX0299,1
5665035179702438805-1,GGOEGCMB020932,1
5705874741137472356-1,GGOEGFKQ020799,6268
57196719909669060-1,GGOEGAAX0318,0
573154037338008171-1,GGOEGAAX0318,0
5768779985718104713-1,GGOEGAAX0592,0
5772921781547143127-8,GGOEGAAX0313,11926
5772921781547143127-8,GGOEGBJC019999,8313
5772921781547143127-8,GGOEGAAX0680,10427
5772921781547143127-8,GGOEGBJC014399,0
5772921781547143127-8,GGOEGBJL013999,4730
5772921781547143127-8,GGOEYHPB072210,0
5772921781547143127-8,GGOEGDHQ015399,0
5835011534221003810-1,GGOEGHPJ080310,2127
5835011534221003810-2,GGOEGHPJ080310,3226
5835011534221003810-3,GGOEGHPJ080310,1400
5837861602768827939-3,GGOEGAAX0606,3350
5837861602768827939-3,GGOEGAAX0361,0
5837861602768827939-3,GGOEGAAX0341,2793
5857508451628108813-1,GGOEGAAX0353,7472
586698229787787437-1,GGOEGAAX0338,0
5873059317509196502-1,GGOEGAAX0104,0
5883164011639311823-1,GGOEGAAX0661,0
5918204463043019202-2,GGOEGFAQ016699,15711
5918204463043019202-2,GGOEGESQ016799,6534
5918721989053447180-1,GGOEGAAX0104,995
5926242413751959519-4,GGOEGAAX0341,2929
5926242413751959519-4,GGOEGAAX0299,9855
598517298356059273-1,GGOEGAAX0361,3543
5994882421687804417-1,GGOEAXXX0808,6617
5994882421687804417-2,GGOEAXXX0808,2696
6090307959373790386-1,GGOEGAAX0318,14951
6090307959373790386-1,GGOEGAAX0325,615
6122352189241442329-1,GGOEGAAX0569,1397
6122352189241442329-1,GGOEGAAX0596,3545
6122352189241442329-1,GGOEGAAX0731,0
616813475440297008-4,GGOEGBRB013899,0
620323593193754739-1,GGOEYFKQ020699,0
6229313771651311196-1,GGOEGDHR082199,2370
6229313771651311196-1,GGOEGDHC074099,6532
6229313771651311196-1,GGOEADHH073999,7264
6229313771651311196-2,GGOEGDHC074099,1348
6235333906233118646-1,GGOEGAAX0325,0
6245888094161327613-10,GGOEAKDH019899,1
6245888094161327613-9,GGOEGCBB074399,270938
6245888094161327613-9,GGOEAKDH019899,3815
6281969399295268989-1,GGOEGAAX0330,10209
6317122696265127101-1,GGOEGFSR022099,2586
6356772384621900900-2,GGOEGBJC019999,0
6362417049769170223-2,GGOEAOCB077499,1
643249846894129525-4,GGOEYOCR077799,0
6454152396954180970-1,GGOEGAAX0318,0
649889300215934582-6,GGOEGAAX0290,47658
649889300215934582-6,GGOEYHPB072210,14939
650734198077784452-5,GGOEGAAX0308,3545
650734198077784452-6,GGOEGAAX0356,4754
650734198077784452-6,GGOEGAAX0357,7639
650734198077784452-6,GGOEGAAX0338,0
653855261936813301-1,GGOEGBJL013999,0
653855261936813301-1,GGOEGBRJ037299,2114
653855261936813301-1,GGOEGAAX0795,0
653855261936813301-1,GGOEGBRJ037399,1837
653855261936813301-1,GGOEGBRB013899,0
653855261936813301-1,GGOEGDHQ015399,0
653855261936813301-1,GGOEGOXQ016399,15280
653855261936813301-1,GGOEGOAR013099,0
653855261936813301-1,GGOEGOAB021499,2191
654736404761929369-3,GGOEGAAX0602,3893
6595981885506800184-2,GGOEGBRB013899,3903
659997883658232689-1,GGOEGAAX0338,0
6631067223324142886-1,GGOEYFKQ020699,0
6649661547402538462-1,GGOEGAAX0338,0
6652255958623882302-1,GGOEYFKQ020699,0
665925237862575413-1,GGOEGBJC019999,2296
665925237862575413-1,GGOEGBMC056599,344155
665925237862575413-1,GGOEGBPB082099,3604
6687958275730704367-3,GGOEGBRA037499,0
6687958275730704367-3,GGOEGAAX0596,0
6687958275730704367-3,GGOEGDHQ015399,1892
6695998350292150416-2,GGOEGAAX0318,0
6695998350292150416-2,GGOEGAAX0290,0
6695998350292150416-2,GGOEGAAX0306,0
6701073889215352508-1,GGOEAFKQ020599,5438
6704073824208738094-2,GGOEGESB015099,2368
6720163071515835609-13,GGOEGAAX0037,3276
6756011017275548046-1,GGOEGBRA037499,28101
6779703869558170031-1,GGOEGBRA037499,0
6800773016200108867-1,GGOEYFKQ020699,0
6807929399699118662-1,GGOEGAAX0569,1
6807929399699118662-1,GGOEGBJL013999,0
6819686597729874393-1,GGOEGAAX0617,669471
6819686597729874393-1,GGOEGKWQ060910,3357
6847677700533767581-1,GGOEGEHQ072499,3506
6884489731245835935-3,GGOEGFQB013799,4200
6884489731245835935-3,GGOEGODR017799,1357
6884489731245835935-3,GGOEGAAX0299,0
6884489731245835935-3,GGOEGAAX0278,3
6911303723241317741-8,GGOEGBRA037499,6917
6911303723241317741-8,GGOEGBRB013899,2240
6911303723241317741-8,GGOEGBRJ037299,0
6911303723241317741-8,GGOEGAAX0795,0
6911303723241317741-8,GGOEGBRJ037399,1764
6911303723241317741-8,GGOEGBJL013999,0
6911303723241317741-8,GGOEGBMJ013399,0
6935485519887862639-1,GGOEGAAX0661,305
694658797180418631-1,GGOEGGCX056299,2890
6961461396201166096-1,GGOEGAAX0325,11946
6967791130946939797-1,GGOEYOCR077799,1
6970840496248643321-2,GGOEGDHQ015399,1
698297406423033664-2,GGOEGAAX0568,41485
7012549213059932928-1,GGOEGAAX0588,5461
7012549213059932928-1,GGOEGAAX0578,0
7012549213059932928-1,GGOEGAAX0580,0
7012549213059932928-1,GGOEGAAX0604,0
7012549213059932928-1,GGOEGAAX0596,0
7012549213059932928-1,GGOEGBJL013999,588561
7012549213059932928-2,GGOEADWQ015699,3335
7012549213059932928-2,GGOEGDHQ015399,299608
7012549213059932928-2,GGOEGBJL013999,12486
7012549213059932928-2,GGOEGBCR024399,1522
7012549213059932928-2,GGOEGBMJ013399,58033
7012549213059932928-2,GGOEGOCC077999,0
7083651462602256215-1,GGOEGAAX0353,0
7130862809181577995-1,GGOEGAAX0338,376
716845898585666271-1,GGOEGOLC013299,6260
718640226837019023-1,GGOEGBRB013899,5260
718640226837019023-1,GGOEGAAX0595,74651
718640226837019023-1,GGOEGAAX0037,40972
718640226837019023-1,GGOEGESQ016799,8598
718640226837019023-1,GGOEGESC014099,10176
718640226837019023-1,GGOEGESB015099,11320
718640226837019023-1,GGOEGAAX0104,6887
7197257625515261031-1,GGOEGBRJ037399,0
720378073621403524-1,GGOEGOCD078399,1
720378073621403524-1,GGOEGOCC077299,4743
720378073621403524-1,GGOEAOCB077499,5176
720378073621403524-1,GGOEGBJC019999,1
720378073621403524-1,GGOEGESQ016799,3638
720378073621403524-1,GGOEGESB015099,2092
723764175159758531-2,GGOEGBRA037499,0
7281459057441043181-5,GGOEGAAX0761,6268
7281459057441043181-5,GGOEGHPJ080310,5039
730367780967717148-1,GGOEGAAX0318,1
7311242886083854158-28,GGOEGBJL013999,4421
7311242886083854158-28,GGOEGDHQ015399,0
7348629249376748176-3,GGOEAKDH019899,0
7348629249376748176-3,GGOEGCBQ016499,0
7348629249376748176-3,GGOEGFSR022099,16376
7348629249376748176-3,GGOEGAAX0037,0
7349095852368868081-1,GGOEGOCB017499,1
7356594891179506186-1,GGOEGAAX0318,9245
7356594891179506186-1,GGOEYFKQ020699,1122
7361035572167157097-1,GGOEGDHQ015399,0
7381501839846779174-1,GGOEGAAX0290,0
7416628062417316237-2,GGOEADWQ015699,9857
7420300501523012460-16,GGOEGBPB021199,8311
7420300501523012460-16,GGOEGBMJ013399,0
7420300501523012460-16,GGOEGBJC019999,13886
7420300501523012460-16,GGOEGBJC014399,0
7420300501523012460-16,GGOEGBJL013999,0
7420300501523012460-16,GGOEGBCR024399,1
7420300501523012460-16,GGOEGFKA022299,12931
7420300501523012460-16,GGOEGCBC074299,1
7420300501523012460-16,GGOEGESQ016799,0
7420300501523012460-16,GGOEGESC014099,22403
7420300501523012460-16,GGOEGEHQ071199,3700
7420300501523012460-16,GGOEGEHQ072599,1536
7420300501523012460-16,GGOEGAAX0104,1790
7420300501523012460-17,GGOEGAAX0106,2
7420300501523012460-17,GGOEGAAX0334,1877
7444499703471460562-3,GGOEGOCB017499,3291
7444499703471460562-3,GGOEGOLC013299,1293
7461007246247623723-1,GGOEGAAX0313,15408
7478014296138553952-2,GGOEGAAX0104,19051
7484497031611210287-1,GGOEYHPB072210,0
750846065342433129-2,GGOEGETB023799,0
7550413639587874054-1,GGOEGOBG023599,6528
7550413639587874054-1,GGOEGGOA017399,6788
7550413639587874054-1,GGOEGOAQ018099,35542
7550413639587874054-1,GGOEGOCC077299,13
7550413639587874054-1,GGOEWEBB082699,17770
7550413639587874054-1,GGOEGCBB074199,264395
7550413639587874054-1,GGOEGAAX0037,34809
7550413639587874054-1,GGOEGOCD078399,2850
7550413639587874054-1,GGOEGOLC014299,2890
7556555497376038449-2,GGOEGAAX0074,2916
7596302818728416168-1,GGOEYHPB072210,5
76085547156904396-1,GGOEGBRJ037299,10244
76085547156904396-1,GGOEAFKQ020599,0
76085547156904396-1,GGOEGBMJ013399,3481
76085547156904396-1,GGOEGDHC074099,2238
76085547156904396-1,GGOEGDWR015799,3522
76337984001301563-1,GGOEGBRA037499,44801
7634362284405299195-1,GGOEGAAX0733,12116
7641607978785523241-1,GGOEGGCX056199,470340
7716715889119737343-3,GGOEAOCB077499,2132
7720463169914643064-7,GGOEGODR017799,1720
7720463169914643064-7,GGOEGAAX0781,7886
7720463169914643064-7,GGOEGOCD078399,3681
7732103446351877731-1,GGOEAFKQ020599,10810
7767487111812238597-9,GGOEGOAB022499,5791
7767487111812238597-9,GGOEGOAB021499,3079
7767487111812238597-9,GGOEGGOA017399,2152
7779808671220138430-1,GGOEGAAX0104,0
7804878276242829473-1,GGOEGAAX0081,0
7863551258591830793-1,GGOEGEVA022399,0
7966897920275645417-1,GGOEGKWR060810,2040
7966897920275645417-1,GGOEGAAX0625,9722
799550552085983639-1,GGOEYFKQ020699,1
8016003971239765913-2,GGOEGAAX0320,13426
8016003971239765913-2,GGOEAXXX0808,35293
8016003971239765913-2,GGOEGAAX0104,0
8016003971239765913-2,GGOEGAAX0795,0
8016003971239765913-2,GGOEAXXX0812,4341
8016003971239765913-2,GGOEGXXX0806,5055
8016003971239765913-2,GGOEGAAX0661,12699
8016003971239765913-2,GGOEGAAX0655,0
8016003971239765913-2,GGOEGAAX0651,6607
8016003971239765913-2,GGOEGAAX0618,4513
8016003971239765913-2,GGOEGAAX0619,18849
8016003971239765913-2,GGOEGAAX0620,6579
8016003971239765913-2,GGOEGAAX0625,7391
8016003971239765913-2,GGOEGAAX0617,37991
8016003971239765913-2,GGOEGKWQ060910,2406
8016003971239765913-2,GGOEGKWR060810,1746
8016003971239765913-2,GGOEGAAX0622,7396
8016723867009901-1,GGOEGBPB021199,1292
8016723867009901-1,GGOEGBJL013999,1419
8016723867009901-1,GGOEGESC014099,1322
8016723867009901-1,GGOEACCQ017299,0
8016723867009901-1,GGOEGDHC074099,1394
8016723867009901-1,GGOEGESB015099,1488
8016723867009901-1,GGOEGCKQ013199,1
8057100491037963376-3,GGOEGAAX0037,11576
811215767847921598-1,GGOEADHH055999,59335
815047945706399620-7,GGOEGAAX0671,9805
815047945706399620-7,GGOEGAAX0680,3978
815047945706399620-7,GGOEGAAX0690,3589
8151706737543171350-1,GGOEGAAX0299,8246
8151706737543171350-1,GGOEGAAX0282,0
8204485709901113804-2,GGOEGBRJ037399,1738
8208963585508489539-2,GGOEGAAX0104,4747
8220868147393470497-2,GGOEGAAX0569,1
8220868147393470497-2,GGOEGAAX0567,0
8220868147393470497-2,GGOEGAAX0580,0
8220868147393470497-2,GGOEGBJL013999,8655
8227701038227474422-1,GGOEYFKQ020699,4118
8227701038227474422-1,GGOEYHPB072210,0
8252993918601501665-1,GGOEGETB023799,0
826150033557882055-2,GGOEGFKQ020799,1916
82784177006211656-4,GGOEGKWQ060910,0
82784177006211656-4,GGOEGKWR060810,0
82784177006211656-4,GGOEGAAX0610,12103
82784177006211656-4,GGOEGAAX0617,8638
8281865642684703587-2,GGOEGAAX0358,0
8295197301478463188-1,GGOEGAAX0358,1
831560334057475229-4,GGOEGAAX0334,4818
831560334057475229-4,GGOEGAAX0338,159321
831560334057475229-4,GGOEGCNB021099,176456
8336976389238650812-1,GGOEGAAX0351,7067
834628261584717467-2,GGOEGAAX0686,1470110
834628261584717467-2,GGOEGAAX0661,4442
834628261584717467-2,GGOEGAAX0318,12527
834628261584717467-2,GGOEGAAX0325,924
84084976506155235-3,GGOEGOAQ018099,3378
8410706711019737796-1,GGOEGEHQ024099,2542
843143557737586340-1,GGOEGBJL013999,0
843143557737586340-1,GGOEGBJC014399,107853
843143557737586340-1,GGOEAOCB077499,4723
843143557737586340-1,GGOEGOCC077299,2494
843143557737586340-1,GGOEGOBC078699,7901
843143557737586340-1,GGOEGAAX0074,1944
8442617694098781827-1,GGOEYFKQ020699,61293
8442617694098781827-1,GGOEGHPB071610,2176
8442617694098781827-2,GGOEYOCR077799,1413
8442617694098781827-2,GGOEGODR017799,1493
8522602120605606432-1,GGOEGFKA022299,3061
8522602120605606432-1,GGOEGAAX0622,1
8524153343957920345-1,GGOEGFSR022099,1
8541623616216182707-1,GGOEGAAX0329,0
8555003181225615424-2,GGOEGAAX0569,181575
8555003181225615424-2,GGOEGBMC056599,0
8699270326076021095-1,GGOEGAAX0318,1
8719058463049309640-3,GGOEGBJL013999,13437
8719058463049309640-3,GGOEGDHC074099,0
8719058463049309640-3,GGOEYOCR077799,0
8719058463049309640-3,GGOEGOAQ020099,1
8726813153683135107-4,GGOEGAAX0358,1901
8735816909957342888-1,GGOEGDHC015299,3587
8765602621942878224-1,GGOEGBRA037499,46538
8795601824800140692-1,GGOEGAAX0330,0
8807566194592989592-2,GGOEGAAX0330,21874
8832913499703586038-1,GGOEGBRJ037399,0
8838723503257538619-1,GGOEYFKQ020699,1
8838723503257538619-1,GGOEGAAX0330,3768
8841197329105123740-1,GGOEGEVA022399,0
8841197329105123740-1,GGOEGBRJ037399,1930
8841197329105123740-1,GGOEGBRJ037299,1996
8867932982815581493-2,GGOEGXXX0806,0
8882654778626829762-1,GGOEGBRA037499,90
8882654778626829762-2,GGOEGBRA037499,4260
8885422469790736188-2,GGOEGAAX0104,22988
8885422469790736188-2,GGOEGKWQ060910,1
8885422469790736188-2,GGOEGAAX0105,224007
8885422469790736188-2,GGOEGEVB070599,1
8899652920156664918-1,GGOEGAAX0686,375429
8899652920156664918-1,GGOEYDHJ056099,5685
8907786034323049031-3,GGOEGAAX0338,10158
8907786034323049031-3,GGOEGAAX0334,0
891256389600004515-14,GGOEGAAX0104,8046
891256389600004515-14,GGOEGDHQ015399,1
891256389600004515-14,GGOEGFKQ020399,1
8922684196337270088-1,GGOEGAAX0296,0
8930667883681133792-1,GGOEYFKQ020699,45209
8930667883681133792-1,GGOEYHPB072210,943
8974926326637231-1,GGOEGAAX0325,13752
8974926326637231-1,GGOEGAAX0351,16293
8996390266519917614-12,GGOEGFYQ016599,1
9008243837280281377-1,GGOEGAAX0104,6168
9008243837280281377-1,GGOEGAAX0358,43772
9008243837280281377-1,GGOEAXXX0812,2593
9008243837280281377-1,GGOEGAAX0105,0
9008243837280281377-1,GGOEGHPJ080310,1484
9008243837280281377-1,GGOEGAAX0342,0
9008243837280281377-1,GGOEGBJL013999,1170
9008243837280281377-1,GGOEGAAX0074,2963
9008243837280281377-1,GGOEGAAX0313,0
9012644024512398613-16,GGOEGDHC074099,1
903671600075470143-2,GGOEGFKA022299,1584
9064503463693769960-1,GGOEGAAX0570,0
9064503463693769960-1,GGOEGAAX0338,2112
907919984415931451-1,GGOEGBRJ037399,3
9082216468378814100-1,GGOEGAAX0578,10604
9082216468378814100-2,GGOEGAAX0578,28220
9082216468378814100-2,GGOEGAAX0569,919
909717625274232624-2,GGOEGAAX0358,1
909717625274232624-2,GGOEGAAX0568,5496
909717625274232624-2,GGOEGAAX0731,4116
910410897272138682-5,GGOEGBRJ037299,0
9118080275011609685-1,GGOEGBRJ037399,3978
9118080275011609685-1,GGOEGAAX0104,4101
9118080275011609685-1,GGOEGAAX0569,0
9130977134964042839-1,GGOEGAAX0596,0
9130977134964042839-1,GGOEGBRA037499,1213
91712978079395246-1,GGOEGGOA017399,0
91712978079395246-1,GGOEGOAQ020099,1812
91712978079395246-1,GGOEGOCB017499,0
9177420311342678282-1,GGOEGAAX0325,7798
9177420311342678282-1,GGOEGAAX0290,14254
9178778076506607736-1,GGOEGBRJ037399,0
9178778076506607736-1,GGOEAOCB077499,0
9249130983722228273-23,GGOEGAAX0353,0
9249130983722228273-25,GGOEGESC014099,2273
9283619216742521189-1,GGOEGAAX0338,0
9308310352918219134-8,GGOEGOCD078399,6586
9308310352918219134-8,GGOEGDHC074099,1488
9308310352918219134-8,GGOEGOCC077999,1347
9308310352918219134-8,GGOEGOLC013299,1854
9308310352918219134-8,GGOEGHPB071610,3
9308310352918219134-8,GGOEGHPB003410,0
9308310352918219134-8,GGOEGHPJ080310,0
9308310352918219134-8,GGOEGOAB022499,0
9329105952170590036-1,GGOEGDHC074099,50375
9335786140265261599-4,GGOEGHPJ080310,0
9335786140265261599-4,GGOEAXXX0812,0
9335786140265261599-4,GGOEAXXX0810,0
9359225890182048096-2,GGOEGOBC078699,1
9359225890182048096-4,GGOEGFYQ016599,0
9386651167038033508-1,GGOEGBRJ037399,21301
940186567836603506-1,GGOEGHPJ080310,12860
940186567836603506-2,GGOEGEVA022399,46520
940186567836603506-2,GGOEGBRA037499,0
9412146594226097241-1,GGOEGDHQ015399,27253
9412146594226097241-1,GGOEGAAX0781,0
9412146594226097241-1,GGOEGOCB017499,0
9412146594226097241-1,GGOEGOAQ012899,0
9417857471295131045-20,GGOEA0CH077599,1411
9417857471295131045-22,GGOEGAAX0338,6
9446534099865088123-2,GGOEGBFC018799,0
9448642576630229500-1,GGOEGAAX0338,2127
9448642576630229500-1,GGOEGAAX0278,0
946279366290435145-1,GGOEGFKQ020399,0
9483363633817181224-2,GGOEWCKQ085457,498138
9483363633817181224-2,GGOEGFKA022299,152114
9483363633817181224-2,GGOEGCNB021099,225100
95260387049596061-1,GGOEGAAX0318,0
9591202457292182670-8,GGOEAFKQ020599,19468
9591202457292182670-9,GGOEAFKQ020599,12184
9644838183145418265-1,GGOEGAAX0351,4403
973510660431678522-1,GGOEGEHQ024099,1
973510660431678522-1,GGOEGEVA022399,1
973510660431678522-1,GGOEAOCB077499,1
9745444510361208172-1,GGOEGOFH020299,43037
9745444510361208172-1,GGOEGFKQ020799,0
9762462603607554817-1,GGOEGAAX0318,7592
9762462603607554817-1,GGOEYOCR077799,2533
9762462603607554817-1,GGOEYHPB072210,2715
9762462603607554817-1,GGOEGAAX0104,6070
9762462603607554817-1,GGOEGKWR060810,2456
9762462603607554817-1,GGOEGBPB021199,6369
9762462603607554817-1,GGOEGESB015199,101019
9769058468255015745-1,GGOEYFKQ020699,54432
9769058468255015745-1,GGOEGAAX0330,0
9800325346437826374-3,GGOEGAAX0680,1686
9800325346437826374-3,GGOEGAAX0690,1926
9800325346437826374-3,GGOEGAAX0358,1
9810242816023554106-1,GGOEGAAX0318,0
9846359776693659031-7,GGOEGBJC014399,126175
9846359776693659031-7,GGOEGBMJ013399,0
9880592496599091974-1,GGOEGAAX0356,0
99282514685273715-1,GGOEAKDH019899,0
99282514685273715-1,GGOEGFKQ020799,2775
9936653130323014894-1,GGOEGBPB021199,265787
9936653130323014894-1,GGOEGHPJ080310,2463
9945591060914032258-1,GGOEGHPJ080310,14873
9945591060914032258-1,GGOEAHPJ074410,2664
9945591060914032258-1,GGOEGAAX0105,10518
